idea_id,section,subsection,level,parent_item,title,description,full_text,images
idea-0001,Exterior,Location & Environment,1,,Good Location,,Good Location,
idea-0002,Exterior,Location & Environment,2,Good Location,Close to School,,Close to School,
idea-0003,Exterior,Location & Environment,2,Good Location,Close to Supermarket,,Close to Supermarket,
idea-0004,Exterior,Location & Environment,2,Good Location,Not Near Noisy Roads,,Not Near Noisy Roads,
idea-0005,Exterior,Location & Environment,2,Good Location,West Side City because more wealthy area,,West Side City because more wealthy area,
idea-0006,Exterior,Location & Environment,1,,Near but not too close to train station,,Near but not too close to train station,
idea-0007,Exterior,Location & Environment,1,,Not Near Airport,There’s nothing worse then being woken up or disrupted by a loud aircraft flying close by,Not Near Airport - There’s nothing worse then being woken up or disrupted by a loud aircraft flying close by,
idea-0008,Exterior,Location & Environment,1,,Not Near Railway,Not near a main noisy road or near a railway airport or anything loud.,Not Near Railway - Not near a main noisy road or near a railway airport or anything loud.,
idea-0009,Exterior,Location & Environment,1,,Quiet Area,Not near a stadium or loud pub or main road. Quiet area.,Quiet Area - Not near a stadium or loud pub or main road. Quiet area.,
idea-0010,Exterior,Location & Environment,1,,Relatively Near Grocery or Corner Store,You need to cook everyday and there’s nothing more annoying than commonly finding yourself to not have the right ingredients you need to cook why you want to cook.,Relatively Near Grocery or Corner Store - You need to cook everyday and there’s nothing more annoying than commonly finding yourself to not have the right ingredients you need to cook why you want to cook.,
idea-0011,Exterior,Safety & Security,1,,AI Security Drones for Home Surveillance,"Small autonomous drones that patrol the property, providing live feeds and alerting homeowners to unusual activity.","AI Security Drones for Home Surveillance - Small autonomous drones that patrol the property, providing live feeds and alerting homeowners to unusual activity.",
idea-0012,Exterior,Safety & Security,1,,Biometric Smart Door Locks,"Doors that use fingerprint or facial recognition for secure, keyless entry.","Biometric Smart Door Locks - Doors that use fingerprint or facial recognition for secure, keyless entry.",
idea-0013,Exterior,Safety & Security,1,,"Easy, Quick Secure Electric Bike Storage","Having to spend ages untangling and unlocking a bike lock every morning is very annoying, there should be way to easily secure and charge the electric bike.","Easy, Quick Secure Electric Bike Storage - Having to spend ages untangling and unlocking a bike lock every morning is very annoying, there should be way to easily secure and charge the electric bike.",
idea-0014,Exterior,Safety & Security,1,,Security Cameras,Good enough quality to see faces and number plates. Pay for storage. Connected to the mains so you don’t have to keep changing batteries.,Security Cameras - Good enough quality to see faces and number plates. Pay for storage. Connected to the mains so you don’t have to keep changing batteries.,
idea-0015,Exterior,Utilities & Infrastructure,1,,Electric Car Integration with Smart Grid Charging,A smart charging station that can charge electric vehicles during off-peak hours and even return power to the house during shortages.,Electric Car Integration with Smart Grid Charging - A smart charging station that can charge electric vehicles during off-peak hours and even return power to the house during shortages.,
idea-0016,Exterior,Utilities & Infrastructure,1,,Electric Fast Charging Station for Cars,May want multiple electric fast car stations for multiple cars parked at the house,Electric Fast Charging Station for Cars - May want multiple electric fast car stations for multiple cars parked at the house,
idea-0017,Exterior,Specialty & Novelty,1,,Hand Prints in Concrete,Leave hand prints and date in the concrete,Hand Prints in Concrete - Leave hand prints and date in the concrete,
idea-0018,Exterior,General,1,,Detached House,Detached house so we don’t get woken up by neighbours next door and so we don’t wake them up,Detached House - Detached house so we don’t get woken up by neighbours next door and so we don’t wake them up,
idea-0019,Exterior,General,1,,Don’t use Astro Turf because rubber cancerous,Unless you can find Astro that doesn’t use rubber pallets that can be eaten by children don’t get Astro Turf or any other artificial grass.,Don’t use Astro Turf because rubber cancerous - Unless you can find Astro that doesn’t use rubber pallets that can be eaten by children don’t get Astro Turf or any other artificial grass.,
idea-0020,Exterior,General,1,,Driveway Turn Table,to easily turn your car around in a small driveway,Driveway Turn Table - to easily turn your car around in a small driveway,
idea-0021,Exterior,General,1,,Fungi Mushroom Bricks,Could be more environmentally friendly and make sure they’re flame retardant,Fungi Mushroom Bricks - Could be more environmentally friendly and make sure they’re flame retardant,
idea-0022,Exterior,General,1,,Heated Driveway,A snow-melting driveway system to prevent slippery surfaces and reduce shoveling in winter.,Heated Driveway - A snow-melting driveway system to prevent slippery surfaces and reduce shoveling in winter.,
idea-0023,Exterior,General,1,,Horse Field,In the morning you can see your horses just outside your window.,Horse Field - In the morning you can see your horses just outside your window.,
idea-0024,Exterior,General,1,,Robots and Ai to carve stone,To make caving stone cheaper use a company that uses ai and robots to carve stone.,Robots and Ai to carve stone - To make caving stone cheaper use a company that uses ai and robots to carve stone.,
idea-0025,Exterior,General,1,,Solar Panels,Make sure it’s facing the optimal direction,Solar Panels - Make sure it’s facing the optimal direction,
idea-0026,Exterior,General,1,,View over the city,I want to be able to look down at the city while in the garden or from my bedroom,View over the city - I want to be able to look down at the city while in the garden or from my bedroom,
idea-0027,Layout Floor Plan,Location & Environment,1,,Dedicated Mudroom,"A space near the entrance for removing muddy shoes, hanging wet coats, and wiping down pets before entering the main house.","Dedicated Mudroom - A space near the entrance for removing muddy shoes, hanging wet coats, and wiping down pets before entering the main house.",
idea-0028,Layout Floor Plan,Location & Environment,1,,Sound Proof Laundry Room,"Laundry room should be sound proof and away from bedrooms or near the entertainment rooms, and should be out of site, and be able to stay warm in the winter to dry clothes","Sound Proof Laundry Room - Laundry room should be sound proof and away from bedrooms or near the entertainment rooms, and should be out of site, and be able to stay warm in the winter to dry clothes",
idea-0029,Layout Floor Plan,Location & Environment,1,,Washing Machine Near Drying Wracks,Even if you use the drying machine you might want to use drying wracks.,Washing Machine Near Drying Wracks - Even if you use the drying machine you might want to use drying wracks.,
idea-0030,Layout Floor Plan,Layout & Flow,1,,Artificial Skylights,especially on rooms with lots of interior walls or in basement room. This will make a really big difference to the feel of the rooms that. Even ones in the bed rooms might be nice when it’s a cloudy day.,Artificial Skylights - especially on rooms with lots of interior walls or in basement room. This will make a really big difference to the feel of the rooms that. Even ones in the bed rooms might be nice when it’s a cloudy day.,
idea-0031,Layout Floor Plan,Layout & Flow,1,,Back door not in line of front door,"Chinese Superstition says homes with a back door directly in line with the front door are bad luck. They are believed to have Chi come in only to have it go straight out the back door. Chinese superstitious want Chi to come into their homes, stay, and circulate throughout. The more positive energy, the better.","Back door not in line of front door - Chinese Superstition says homes with a back door directly in line with the front door are bad luck. They are believed to have Chi come in only to have it go straight out the back door. Chinese superstitious want Chi to come into their homes, stay, and circulate throughout. The more positive energy, the better.",
idea-0032,Layout Floor Plan,Layout & Flow,1,,Bathrooms don’t face Large Rooms,Bathrooms shouldn't face common entertainment spaces like dining rooms or living rooms.,Bathrooms don’t face Large Rooms - Bathrooms shouldn't face common entertainment spaces like dining rooms or living rooms.,
idea-0033,Layout Floor Plan,Layout & Flow,1,,Bedrooms Not Close to Loud Rooms,Ideal room layout. Make sure bedrooms are far from entertaining spaces.,Bedrooms Not Close to Loud Rooms - Ideal room layout. Make sure bedrooms are far from entertaining spaces.,
idea-0034,Layout Floor Plan,Layout & Flow,1,,Big room for House Entrance space,Big Entrance Room to the house creates an Impressive impression for any visitors to the home.,Big room for House Entrance space - Big Entrance Room to the house creates an Impressive impression for any visitors to the home.,
idea-0035,Layout Floor Plan,Layout & Flow,1,,Cinema room sound proof on all four walls and door,,Cinema room sound proof on all four walls and door,
idea-0036,Layout Floor Plan,Layout & Flow,1,,Cupboards with Secret Door Ways,"A cupboard with a secret back, that can open up to networker secret passageways","Cupboards with Secret Door Ways - A cupboard with a secret back, that can open up to networker secret passageways",
idea-0037,Layout Floor Plan,Layout & Flow,1,,Efficient Easy Trash System,make taking out the trash easy and as quick as possible.,Efficient Easy Trash System - make taking out the trash easy and as quick as possible.,
idea-0038,Layout Floor Plan,Layout & Flow,1,,Elevator,Place to put in a small elevator for when I get old and can’t walk up stairs,Elevator - Place to put in a small elevator for when I get old and can’t walk up stairs,
idea-0039,Layout Floor Plan,Layout & Flow,1,,Gas Boiler in attic,Electric cooker and gas boiler should be in the attic to avoid carbon monoxide poisoning,Gas Boiler in attic - Electric cooker and gas boiler should be in the attic to avoid carbon monoxide poisoning,
idea-0040,Layout Floor Plan,Layout & Flow,1,,Hidden Walk In Pantry,The door of the pantry just looks like a normal kitchen cupboard but actually goes way deeper to reveal a hidden walk in kitchen pantry,Hidden Walk In Pantry - The door of the pantry just looks like a normal kitchen cupboard but actually goes way deeper to reveal a hidden walk in kitchen pantry,
idea-0041,Layout Floor Plan,Layout & Flow,1,,Kitchen and Garage next to each other to push groceries through a small door,to stop you having to carry all the groceries through the house just have a little hidden door under a cupboard to slide in the groceries from the garage to the kitchen.,Kitchen and Garage next to each other to push groceries through a small door - to stop you having to carry all the groceries through the house just have a little hidden door under a cupboard to slide in the groceries from the garage to the kitchen.,
idea-0042,Layout Floor Plan,Layout & Flow,1,,Kitchen Opens to Living Room,Most people will like if the kitchen opens to the dining or living rooms so whoever is cooking can still interact with guests or keep an eye on the kids playing.,Kitchen Opens to Living Room - Most people will like if the kitchen opens to the dining or living rooms so whoever is cooking can still interact with guests or keep an eye on the kids playing.,
idea-0043,Layout Floor Plan,Layout & Flow,1,,Laundry Shoot,Tubes around the house you can easily throw your clothes in that take it straight to the laundry room.,Laundry Shoot - Tubes around the house you can easily throw your clothes in that take it straight to the laundry room.,
idea-0044,Layout Floor Plan,Layout & Flow,1,,Open Plan Houses Need Small Cosy Rooms,Although most of the house should be big open floor plan there should be a few small cosy bedrooms maybe in the roof of the house so some of the rooms feel cosy.,Open Plan Houses Need Small Cosy Rooms - Although most of the house should be big open floor plan there should be a few small cosy bedrooms maybe in the roof of the house so some of the rooms feel cosy.,
idea-0045,Layout Floor Plan,Layout & Flow,1,,Padded Silent Doors,all doors need the bedrooms need to be silent enough in order to not wake anyone up if someone needs to go to the toilet.,Padded Silent Doors - all doors need the bedrooms need to be silent enough in order to not wake anyone up if someone needs to go to the toilet.,
idea-0046,Layout Floor Plan,Layout & Flow,1,,"Secret Rooms, Hallways and Staircases","Behind a bookcase, secret ways to get around the houses. Places to hid in case of a home invasion.","Secret Rooms, Hallways and Staircases - Behind a bookcase, secret ways to get around the houses. Places to hid in case of a home invasion.",
idea-0047,Layout Floor Plan,Layout & Flow,1,,Slide Out Stacked Storage Bin Room,Big storage room filled with slide out big bin boxes that can easily labeled.,Slide Out Stacked Storage Bin Room - Big storage room filled with slide out big bin boxes that can easily labeled.,
idea-0048,Layout Floor Plan,Layout & Flow,1,,Super Charger in garage,Fast electric car charger,Super Charger in garage - Fast electric car charger,
idea-0049,Layout Floor Plan,Layout & Flow,1,,Tower,,Tower,
idea-0050,Layout Floor Plan,Layout & Flow,1,,Ventilation and Airflow Between Rooms,it’s important for staying call and get rid of odours that there’s good ventilation.,Ventilation and Airflow Between Rooms - it’s important for staying call and get rid of odours that there’s good ventilation.,
idea-0051,Layout Floor Plan,Layout & Flow,1,,Wrap Around Covered Porch,for summer those days you want to sit out without getting totally sunburned. Or those days it’s raining but want to peak outside without getting wet.,Wrap Around Covered Porch - for summer those days you want to sit out without getting totally sunburned. Or those days it’s raining but want to peak outside without getting wet.,
idea-0052,Layout Floor Plan,Safety & Security,1,,Built-In Safe Room,"– A small, reinforced hidden room for emergencies or security threats.","Built-In Safe Room - – A small, reinforced hidden room for emergencies or security threats.",
idea-0053,Design,Aesthetic & Design,1,,Use the Golden Ratio Rule,,Use the Golden Ratio Rule,
idea-0054,Design,General,1,,Use the 60-30-10 rule for colour,,Use the 60-30-10 rule for colour,
idea-0055,Every Room,Location & Environment,1,,Trash Chutes,So we don’t have to carry dirty bin bags all round the house. It would be good if there were trash chutes near where they’re needed so we didn’t carry bags all around the house.,Trash Chutes - So we don’t have to carry dirty bin bags all round the house. It would be good if there were trash chutes near where they’re needed so we didn’t carry bags all around the house.,
idea-0056,Every Room,Safety & Security,1,,Carbon Monoxide Alarm,,Carbon Monoxide Alarm,
idea-0057,Every Room,Safety & Security,1,,Fire Alarm,And fire blankets and fire extinguishers. Even in the bed room where a hair straightener might catch fire.,Fire Alarm - And fire blankets and fire extinguishers. Even in the bed room where a hair straightener might catch fire.,
idea-0058,Every Room,Safety & Security,1,,Plug sockets inside drawers,plugs sockets inside draws so you can hide away our charging devices and cables for your battery pack or camera charger,Plug sockets inside drawers - plugs sockets inside draws so you can hide away our charging devices and cables for your battery pack or camera charger,
idea-0059,Every Room,Utilities & Infrastructure,1,,All drinking taps must have the best water filter system you can get,water can have plastic and other harmful chemicals and particles in.,All drinking taps must have the best water filter system you can get - water can have plastic and other harmful chemicals and particles in.,
idea-0060,Every Room,Utilities & Infrastructure,1,,Good air conditioning!,Good air conditioning in all the rooms especially the ones we spend the most time in and bedrooms,Good air conditioning! - Good air conditioning in all the rooms especially the ones we spend the most time in and bedrooms,
idea-0061,Every Room,Utilities & Infrastructure,1,,Hidden Charging Stations in Every Room,Built-in charging docks in drawers or cupboards to keep devices powered without visible clutter.,Hidden Charging Stations in Every Room - Built-in charging docks in drawers or cupboards to keep devices powered without visible clutter.,
idea-0062,Every Room,Utilities & Infrastructure,1,,Under Floor Heating,Keep your feet warm in the winter,Under Floor Heating - Keep your feet warm in the winter,
idea-0063,Every Room,Lighting & Ambience,1,,Big Windows and Ceiling Windows,Lots of windows for natural light and maybe roof windows,Big Windows and Ceiling Windows - Lots of windows for natural light and maybe roof windows,
idea-0064,Every Room,Lighting & Ambience,1,,Lots of natural light but also black out blinds or curtains,"I think high ceilings and lots of natural light makes the home feel so much brighter and improves our mood, but sometimes you want it darker for watching films or because it’s too sunny.","Lots of natural light but also black out blinds or curtains - I think high ceilings and lots of natural light makes the home feel so much brighter and improves our mood, but sometimes you want it darker for watching films or because it’s too sunny.",
idea-0065,Every Room,General,1,,Air Purifiers,Clean air is important for good health and sleep quality,Air Purifiers - Clean air is important for good health and sleep quality,
idea-0066,Every Room,General,1,,Air Quality Monitoring and Purification System,Real-time air quality sensors paired with smart air purifiers to maintain optimal indoor air health.,Air Quality Monitoring and Purification System - Real-time air quality sensors paired with smart air purifiers to maintain optimal indoor air health.,
idea-0067,Every Room,General,1,,Anti-Bacterial Surfaces in Bathrooms and Kitchen,"– Use surfaces with anti-bacterial properties for sinks, counters, and floors.","Anti-Bacterial Surfaces in Bathrooms and Kitchen - – Use surfaces with anti-bacterial properties for sinks, counters, and floors.",
idea-0068,Every Room,General,1,,Artificial Skylights,Makes a real difference even on rainy days,Artificial Skylights - Makes a real difference even on rainy days,
idea-0069,Every Room,General,1,,Automatic Opening Bins,These should be attached to the mains if possible so we’re not constantly having to change and charge the batteries.,Automatic Opening Bins - These should be attached to the mains if possible so we’re not constantly having to change and charge the batteries.,
idea-0070,Every Room,General,1,,Avoid Trip barriers beteeen floors,,Avoid Trip barriers beteeen floors,
idea-0071,Every Room,General,1,,Built In Door Stops Openers,A door holder opener for almost every door. Door stops to stop holes in the walls,Built In Door Stops Openers - A door holder opener for almost every door. Door stops to stop holes in the walls,
idea-0072,Every Room,General,1,,Child-Safe Window Latches,Windows with safety latches that prevent them from opening wide enough for a child to fall through.,Child-Safe Window Latches - Windows with safety latches that prevent them from opening wide enough for a child to fall through.,
idea-0073,Every Room,General,1,,Concealed Hidden Magnet Door Latch,To keep doors staying open and to not have a door latch sticking out out the floor or wall you could have a completely hidden magnet system in your door and floor to keep the door open.,Concealed Hidden Magnet Door Latch - To keep doors staying open and to not have a door latch sticking out out the floor or wall you could have a completely hidden magnet system in your door and floor to keep the door open.,
idea-0074,Every Room,General,1,,Cupboards up to the Ceiling,Cupboard that you can’t things on top on because it reaches to the ceiling. This also means dust won’t build up on the top of cupboards.,Cupboards up to the Ceiling - Cupboard that you can’t things on top on because it reaches to the ceiling. This also means dust won’t build up on the top of cupboards.,
idea-0075,Every Room,General,1,,Extremely Fast Wi-Fi,Slow Wi-Fi is the worst.,Extremely Fast Wi-Fi - Slow Wi-Fi is the worst.,
idea-0076,Every Room,General,1,,Fire Proof Doors,to compartmentalise a fire.,Fire Proof Doors - to compartmentalise a fire.,
idea-0077,Every Room,General,1,,Fire Sprinklers,To Diffuse a fire,Fire Sprinklers - To Diffuse a fire,
idea-0078,Every Room,General,1,,Hand Held Vacuum Cleaners in Every Room,Should be constantly on charge when not in use,Hand Held Vacuum Cleaners in Every Room - Should be constantly on charge when not in use,
idea-0079,Every Room,General,1,,Heated Skirting Boards,Instead of radiators or air vents you should use heated skirted board for more space and more even heating.,Heated Skirting Boards - Instead of radiators or air vents you should use heated skirted board for more space and more even heating.,
idea-0080,Every Room,General,1,,Hidden speakers in every room,Connected speaks that make it easy to play music with a high quality sound where ever you are in the house.,Hidden speakers in every room - Connected speaks that make it easy to play music with a high quality sound where ever you are in the house.,
idea-0081,Every Room,General,1,,Hidden Storage,To make everything look a lot less cluttered I think hidden storage is key in every room.,Hidden Storage - To make everything look a lot less cluttered I think hidden storage is key in every room.,
idea-0082,Every Room,General,1,,High Ceilings,I think high ceilings are what makes an upper class house feel upper class. Makes it feel more open and grand.,High Ceilings - I think high ceilings are what makes an upper class house feel upper class. Makes it feel more open and grand.,
idea-0083,Every Room,General,1,,High Ceilings,,High Ceilings,
idea-0084,Every Room,General,1,,Intercom System or Alexa,For when you need to announce it’s dinner time,Intercom System or Alexa - For when you need to announce it’s dinner time,
idea-0085,Every Room,General,1,,Lots of Plug Sockets - We live in a tech driven world. We will probably want not issue of not having enough tidy plugs to power our electronics.,,Lots of Plug Sockets - We live in a tech driven world. We will probably want not issue of not having enough tidy plugs to power our electronics.,
idea-0086,Every Room,General,1,,Magnetic Insect Nets on Windows,"Windows that you can magnetically attach insect tight mosquito nets too, so you can open the window wide if your hot and not have to worry about insects coming in.","Magnetic Insect Nets on Windows - Windows that you can magnetically attach insect tight mosquito nets too, so you can open the window wide if your hot and not have to worry about insects coming in.",
idea-0087,Every Room,General,1,,Mains Wired Motion Sensor Lights in Cupboards,it’s always a pain when you have to go around each battery operated and recharge it and then put it back. It would much better if all the small motions sensor lights in the cupboards were also plugged into the mains supply.,Mains Wired Motion Sensor Lights in Cupboards - it’s always a pain when you have to go around each battery operated and recharge it and then put it back. It would much better if all the small motions sensor lights in the cupboards were also plugged into the mains supply.,
idea-0088,Every Room,General,1,,Mood Lighting,"That’s easy to fix if it breaks, and easy to link to a smart speaker","Mood Lighting - That’s easy to fix if it breaks, and easy to link to a smart speaker",
idea-0089,Every Room,General,1,,Motion Sensor Lights in Cupboards,for big cupboards and pantry and under the stairs cupboard all connected to the mains not battery operated.,Motion Sensor Lights in Cupboards - for big cupboards and pantry and under the stairs cupboard all connected to the mains not battery operated.,
idea-0090,Every Room,General,1,,No Creaky Floors,Creaky floors wake portions up a night,No Creaky Floors - Creaky floors wake portions up a night,
idea-0091,Every Room,General,1,,Scented Rooms,Scented items in the bedroom and in the main rooms.,Scented Rooms - Scented items in the bedroom and in the main rooms.,
idea-0092,Every Room,General,1,,Separate Blackout Curtains,Second layer of blackout curtains everywhere,Separate Blackout Curtains - Second layer of blackout curtains everywhere,
idea-0093,Every Room,General,1,,Skirting Board Heating,instead of radiators the heating could be hidden in the skirting board.,Skirting Board Heating - instead of radiators the heating could be hidden in the skirting board.,
idea-0094,Every Room,General,1,,Slip-Resistant Flooring in Wet Areas,"Bathroom, kitchen, and entryway floors designed with anti-slip surfaces to reduce accidents.","Slip-Resistant Flooring in Wet Areas - Bathroom, kitchen, and entryway floors designed with anti-slip surfaces to reduce accidents.",
idea-0095,Every Room,General,1,,Smart Lights,Easy to connect to a smart speaker and capable of changing colours for parties.,Smart Lights - Easy to connect to a smart speaker and capable of changing colours for parties.,
idea-0096,Every Room,General,1,,Smart Water Leak Sensors,"Install sensors in bathrooms, kitchens, and laundry rooms to detect water leaks early and prevent damage.","Smart Water Leak Sensors - Install sensors in bathrooms, kitchens, and laundry rooms to detect water leaks early and prevent damage.",
idea-0097,Every Room,General,1,,Soft-Close Cabinet and Drawer Mechanisms,Prevent little fingers from getting trapped with soft-close hinges on all cabinets and drawers.,Soft-Close Cabinet and Drawer Mechanisms - Prevent little fingers from getting trapped with soft-close hinges on all cabinets and drawers.,
idea-0098,Every Room,General,1,,Taps should not be too close to the sink edge,There should be lots of room to wash hands without it touching the rest of the sink even at low power.,Taps should not be too close to the sink edge - There should be lots of room to wash hands without it touching the rest of the sink even at low power.,
idea-0099,Every Room,General,1,,Top of Furniture Connected To Wall,"To stop kids combing and toppling over furniture, it should be secured to the wall to stop that occurring.","Top of Furniture Connected To Wall - To stop kids combing and toppling over furniture, it should be secured to the wall to stop that occurring.",
idea-0100,Every Room,General,1,,Vacuum Cleaner Robot,One that can learn the layout of the house.,Vacuum Cleaner Robot - One that can learn the layout of the house.,
idea-0101,Every Room,General,1,,Windows with built in insect nets blinds,Some windows should have built in insect mosquitoes nets that can be pulled down while also allowing you to open the window and let the fresh air in. The mosquitoes nets should be easy to pull down and apply but then also be easy to roll up and disappear when you want and uninterrupted view.,Windows with built in insect nets blinds - Some windows should have built in insect mosquitoes nets that can be pulled down while also allowing you to open the window and let the fresh air in. The mosquitoes nets should be easy to pull down and apply but then also be easy to roll up and disappear when you want and uninterrupted view.,
idea-0102,Rooms Names,Layout & Flow,1,,Toy / play room (Next to kitchen),,Toy / play room (Next to kitchen),
idea-0103,Rooms Names,Safety & Security,1,,Security room,,Security room,
idea-0104,Rooms Names,General,1,,Barber room,,Barber room,
idea-0105,Rooms Names,General,1,,Bathroom,,Bathroom,
idea-0106,Rooms Names,General,1,,Bedroom x 3,,Bedroom x 3,
idea-0107,Rooms Names,General,1,,Caught yard,,Caught yard,
idea-0108,Rooms Names,General,1,,Cinema,,Cinema,
idea-0109,Rooms Names,General,1,,Cloak room,,Cloak room,
idea-0110,Rooms Names,General,1,,Conservatory,,Conservatory,
idea-0111,Rooms Names,General,1,,Green screen room,,Green screen room,
idea-0112,Rooms Names,General,1,,Gym,,Gym,
idea-0113,Rooms Names,General,1,,Hall,,Hall,
idea-0114,Rooms Names,General,1,,Indoor horse riding area a,,Indoor horse riding area a,
idea-0115,Rooms Names,General,1,,Kitchen,,Kitchen,
idea-0116,Rooms Names,General,1,,Laundry room,,Laundry room,
idea-0117,Rooms Names,General,1,,Lego Gallery room (display all mine and my fathers Lego models),,Lego Gallery room (display all mine and my fathers Lego models),
idea-0118,Rooms Names,General,1,,Library,,Library,
idea-0119,Rooms Names,General,1,,Living room / lounge,,Living room / lounge,
idea-0120,Rooms Names,General,1,,Pantry,,Pantry,
idea-0121,Rooms Names,General,1,,Personal assistant living area,,Personal assistant living area,
idea-0122,Rooms Names,General,1,,Playroom,,Playroom,
idea-0123,Rooms Names,General,1,,Roof garden,,Roof garden,
idea-0124,Rooms Names,General,1,,Safe Room,,Safe Room,
idea-0125,Rooms Names,General,1,,Smooth white white bright room for filming,,Smooth white white bright room for filming,
idea-0126,Rooms Names,General,1,,Study,,Study,
idea-0127,Rooms Names,General,1,,Tardis Interior,,Tardis Interior,
idea-0128,Rooms Names,General,1,,Tower,,Tower,
idea-0129,Rooms Names,General,1,,Utility room,,Utility room,
idea-0130,Rooms Names,General,1,,Video Game room,,Video Game room,
idea-0131,Rooms Names,General,1,,Workshop,,Workshop,
idea-0132,Stairs,General,1,,Carpeted Stairs are Less Slippy,Carpeted stairs so dogs don’t slip on them,Carpeted Stairs are Less Slippy - Carpeted stairs so dogs don’t slip on them,
idea-0133,Stairs,General,1,,Elevator,Place to put in a small elevator for when I get old and can’t walk up stairs,Elevator - Place to put in a small elevator for when I get old and can’t walk up stairs,
idea-0134,Stairs,General,1,,Full Size Hidden Slide,There should be a classy fashionable good looking indoor slide hidden from the main staircase,Full Size Hidden Slide - There should be a classy fashionable good looking indoor slide hidden from the main staircase,
idea-0135,Stairs,General,1,,Hidden Dog Gate,Dog gate that can be pushed into the wall and look like there’s no gate at all.,Hidden Dog Gate - Dog gate that can be pushed into the wall and look like there’s no gate at all.,
idea-0136,Stairs,General,1,,Motion Sensor Lights,Automatic motion detector lights under the lip of the stairs (so you don’t trip down the stairs at night.,Motion Sensor Lights - Automatic motion detector lights under the lip of the stairs (so you don’t trip down the stairs at night.,
idea-0137,Stairs,General,1,,Perfectly Sized Stairs,Stairs that are perfectly that are the right size and reduces tripping,Perfectly Sized Stairs - Stairs that are perfectly that are the right size and reduces tripping,
idea-0138,Stairs,General,1,,Staircase Safety Gates,"Stylish, retractable gates at the top and bottom of staircases to prevent unsupervised climbing or falls.","Staircase Safety Gates - Stylish, retractable gates at the top and bottom of staircases to prevent unsupervised climbing or falls.",
idea-0139,Kitchen,Location & Environment,1,,Second Extra Large Recycling Bin,There should be a big recycling bin in the kitchen or near the entrance for all the cardboard boxes and packaging to get from deliveries and from Amazon. They should be an extra bin in the kitchen for large bottles and cartons for the recycling so they don’t full up all the big stuff.,Second Extra Large Recycling Bin - There should be a big recycling bin in the kitchen or near the entrance for all the cardboard boxes and packaging to get from deliveries and from Amazon. They should be an extra bin in the kitchen for large bottles and cartons for the recycling so they don’t full up all the big stuff.,
idea-0140,Kitchen,Layout & Flow,1,,Kitchen Opens to Living Room,Most people will like if the kitchen opens to the dining or living rooms so whoever is cooking can still interact with guests or keep an eye on the kids playing.,Kitchen Opens to Living Room - Most people will like if the kitchen opens to the dining or living rooms so whoever is cooking can still interact with guests or keep an eye on the kids playing.,
idea-0141,Kitchen,Layout & Flow,1,,Two Big Sinks Next To Each Other,Two big sinks next to each other in kitchen. One for dishwashing one for other uses.,Two Big Sinks Next To Each Other - Two big sinks next to each other in kitchen. One for dishwashing one for other uses.,
idea-0142,Kitchen,Safety & Security,1,,Magnetic Childproof Locks,"– Hidden magnetic locks on cupboards and drawers to keep dangerous tools, sharp objects, and chemicals safely away from children.","Magnetic Childproof Locks - – Hidden magnetic locks on cupboards and drawers to keep dangerous tools, sharp objects, and chemicals safely away from children.",
idea-0143,Kitchen,Storage & Organization,1,,Hidden Tool Box in Cupboard,There should be a place to hide and put away a tool box in the kitchen that is easy to get to.,Hidden Tool Box in Cupboard - There should be a place to hide and put away a tool box in the kitchen that is easy to get to.,
idea-0144,Kitchen,Kitchen & Food,1,,Pot Filler Over Stove,"Pot filler over stove for filling pots with water on the stove without having to to sink or kettle, also must have a short hose to fill pots at different heights","Pot Filler Over Stove - Pot filler over stove for filling pots with water on the stove without having to to sink or kettle, also must have a short hose to fill pots at different heights",
idea-0145,Kitchen,Aesthetic & Design,1,,Non White Table Surface,A white table surface will show Staines and dirt a lot easier. Unless it’s a made from a stone that doesn’t stain easily.,Non White Table Surface - A white table surface will show Staines and dirt a lot easier. Unless it’s a made from a stone that doesn’t stain easily.,
idea-0146,Kitchen,General,1,,Actual Stainless Steal,Make sure you get actual stainless steel not grimy stainless steel,Actual Stainless Steal - Make sure you get actual stainless steel not grimy stainless steel,
idea-0147,Kitchen,General,1,,Automatic Opening Hidden Bins,Bin drawers so you can hide the bin. Also the bin should have a motion sensored,Automatic Opening Hidden Bins - Bin drawers so you can hide the bin. Also the bin should have a motion sensored,
idea-0148,Kitchen,General,1,,Back Splash Tiles,Don’t forget a backsplash or tiles in your kitchen to keep your kitchen walls clean.,Back Splash Tiles - Don’t forget a backsplash or tiles in your kitchen to keep your kitchen walls clean.,
idea-0149,Kitchen,General,1,,Best Dishwasher Money Can Buy,Washing dishes by hand takes a lot of your time each day.,Best Dishwasher Money Can Buy - Washing dishes by hand takes a lot of your time each day.,
idea-0150,Kitchen,General,1,,Big Dishwashing Drying Wrack,Extra large double drying rack for drying dishes,Big Dishwashing Drying Wrack - Extra large double drying rack for drying dishes,
idea-0151,Kitchen,General,1,,Big Sink,sometimes you have really big pans that are hard to wash so a big sink basin would be really helpful.,Big Sink - sometimes you have really big pans that are hard to wash so a big sink basin would be really helpful.,
idea-0152,Kitchen,General,1,,Blackout Curtains,For watching movies,Blackout Curtains - For watching movies,
idea-0153,Kitchen,General,1,,Blue Theme,Have a blue plates and dishes and blue kitchen theme to make you want to eat less,Blue Theme - Have a blue plates and dishes and blue kitchen theme to make you want to eat less,
idea-0154,Kitchen,General,1,,Built-In Pet Spaces,"Hidden pet feeding stations, built-in beds, and washing stations for pets integrated into the kitchen","Built-In Pet Spaces - Hidden pet feeding stations, built-in beds, and washing stations for pets integrated into the kitchen",
idea-0155,Kitchen,General,1,,Charging Port In Cupboard Above Sink,A charging port in the cupboard above the sink so I can put my iPad there while doing the washing up.,Charging Port In Cupboard Above Sink - A charging port in the cupboard above the sink so I can put my iPad there while doing the washing up.,
idea-0156,Kitchen,General,1,,Collapsible Shelves attached to bottom of top cupboards,These shelves are attached to the bottom of the cupboards and have a mechanising for exiting downwards giving you more space to put things.,Collapsible Shelves attached to bottom of top cupboards - These shelves are attached to the bottom of the cupboards and have a mechanising for exiting downwards giving you more space to put things.,
idea-0157,Kitchen,General,1,,Corner Draws in kitchen,To make it easier to put stuff in corner of counter cupboard space.,Corner Draws in kitchen - To make it easier to put stuff in corner of counter cupboard space.,
idea-0158,Kitchen,General,1,,Different Colour Sponges for Purposes,Different colour sponge for washing dishes and cleaning surfaces.,Different Colour Sponges for Purposes - Different colour sponge for washing dishes and cleaning surfaces.,
idea-0159,Kitchen,General,1,,Don’t put sink on kitchen island,Put the sink and tap along the wall so it’s not obstructing the open space,Don’t put sink on kitchen island - Put the sink and tap along the wall so it’s not obstructing the open space,
idea-0160,Kitchen,General,1,,Don’t use tiles as splash backs,The tiles get grubbing and dirty in the grout goes bad colour over time.,Don’t use tiles as splash backs - The tiles get grubbing and dirty in the grout goes bad colour over time.,
idea-0161,Kitchen,General,1,,Double Chopping board slot,to stop chopping board sliding around have a mechanism that keeps them from sliding around when cutting stuff. Two slots for when you need to cut lots of stuff or two people need to cut stuff.,Double Chopping board slot - to stop chopping board sliding around have a mechanism that keeps them from sliding around when cutting stuff. Two slots for when you need to cut lots of stuff or two people need to cut stuff.,
idea-0162,Kitchen,General,1,,Double massive sinks,One sink for washing and cleaning food for cooking and then another big sink to soak lots of dishes and cutlery before putting them in the dishwasher so that the food does dry and get stuck on them.,Double massive sinks - One sink for washing and cleaning food for cooking and then another big sink to soak lots of dishes and cutlery before putting them in the dishwasher so that the food does dry and get stuck on them.,
idea-0163,Kitchen,General,1,,Extra long Teaspoons,for getting to the bottom of tall thin jars,Extra long Teaspoons - for getting to the bottom of tall thin jars,
idea-0164,Kitchen,General,1,,Extra Movable Traveling Island,a hidden away kitchen table top surface that can be easily slidden out when you need more kitchen surface space. And put away when you want more openness to the kitchen,Extra Movable Traveling Island - a hidden away kitchen table top surface that can be easily slidden out when you need more kitchen surface space. And put away when you want more openness to the kitchen,
idea-0165,Kitchen,General,1,,Fire Extinguisher and Blanket,Fire extinguisher and Blanket and possible a hose in the kitchen,Fire Extinguisher and Blanket - Fire extinguisher and Blanket and possible a hose in the kitchen,
idea-0166,Kitchen,General,1,,Food Bin the Automatically Opens,Always so annoying when you have to touch the dirty food bin when peeling an orange or banana.,Food Bin the Automatically Opens - Always so annoying when you have to touch the dirty food bin when peeling an orange or banana.,
idea-0167,Kitchen,General,1,,Hidden Knife Cupboard,Vertical knife cupboard so knives can be hidden away safely away from children,Hidden Knife Cupboard - Vertical knife cupboard so knives can be hidden away safely away from children,
idea-0168,Kitchen,General,1,,Hidden Walk In Pantry,The door of the pantry just looks like a normal kitchen cupboard but actually goes way deeper to reveal a hidden walk in kitchen pantry,Hidden Walk In Pantry - The door of the pantry just looks like a normal kitchen cupboard but actually goes way deeper to reveal a hidden walk in kitchen pantry,
idea-0169,Kitchen,General,1,,Hidden Washing Machine and Dishwasher,Cardboard doors in front of washing machine and dishwasher so you can hid them away,Hidden Washing Machine and Dishwasher - Cardboard doors in front of washing machine and dishwasher so you can hid them away,
idea-0170,Kitchen,General,1,,Joint Hot and Cold Tap in Sink,So you can get the right temperature for washing the dishes.,Joint Hot and Cold Tap in Sink - So you can get the right temperature for washing the dishes.,
idea-0171,Kitchen,General,1,,Large hidden bins,There’s nothing more annoying then constantly having to take out the recycling bin bins,Large hidden bins - There’s nothing more annoying then constantly having to take out the recycling bin bins,
idea-0172,Kitchen,General,1,,LED Faucet,(no batteries needed),LED Faucet - (no batteries needed),
idea-0173,Kitchen,General,1,,Lots of draws not cud boards,Draws allow you to see things at the back easily where as cupboards often leave things untouched at the back.,Lots of draws not cud boards - Draws allow you to see things at the back easily where as cupboards often leave things untouched at the back.,
idea-0174,Kitchen,General,1,,Lots of Table Surface Space,"Lots of counter top space Kitchen but don’t put that sink, stove and fridge too far away","Lots of Table Surface Space - Lots of counter top space Kitchen but don’t put that sink, stove and fridge too far away",
idea-0175,Kitchen,General,1,,Massive Projector and Scree,n - in the kitchen that can be hidden away for watching cooking tutorials,Massive Projector and Scree - n - in the kitchen that can be hidden away for watching cooking tutorials,
idea-0176,Kitchen,General,1,,Medicine Box Easy to Get To,For when you cut yourself cooking or burn yourself while cooking.,Medicine Box Easy to Get To - For when you cut yourself cooking or burn yourself while cooking.,
idea-0177,Kitchen,General,1,,Microwave with Completely Transparent Window,This is a new technology that uses Electro Magnetic Interfaces film which invisible to the naked eye,Microwave with Completely Transparent Window - This is a new technology that uses Electro Magnetic Interfaces film which invisible to the naked eye,
idea-0178,Kitchen,General,1,,Mini Pizza Oven,You’re very own mini pizza oven,Mini Pizza Oven - You’re very own mini pizza oven,
idea-0179,Kitchen,General,1,,Motion Sensor Lights in Cupboards,for big cupboards and pantry and under the stairs cupboard all connected to the mains not battery operated.,Motion Sensor Lights in Cupboards - for big cupboards and pantry and under the stairs cupboard all connected to the mains not battery operated.,
idea-0180,Kitchen,General,1,,Non Plastic or Wood Chopping Board,"I don’t think it’s good having tiny microplastic in my food. Could be Carcinogenic. A wood one has lots of micropores where the food seaps in and makes it hard to wash. that So a stone, metal or glass one is probably better.","Non Plastic or Wood Chopping Board - I don’t think it’s good having tiny microplastic in my food. Could be Carcinogenic. A wood one has lots of micropores where the food seaps in and makes it hard to wash. that So a stone, metal or glass one is probably better.",
idea-0181,Kitchen,General,1,,Not Too Low Table Tops,Table tops in kitchen and in bathroom not to low down that I have to bend my back to use them for hours. (But not to high that shorter people can’t use them),Not Too Low Table Tops - Table tops in kitchen and in bathroom not to low down that I have to bend my back to use them for hours. (But not to high that shorter people can’t use them),
idea-0182,Kitchen,General,1,,Oven Gloves with Silicone Mittens,Fabric oven gloves are harder to clean when you spill sources or liquids on them.,Oven Gloves with Silicone Mittens - Fabric oven gloves are harder to clean when you spill sources or liquids on them.,
idea-0183,Kitchen,General,1,,Place To Hang Up Washing Gloves,Washing Gloves Hooo,Place To Hang Up Washing Gloves - Washing Gloves Hooo,
idea-0184,Kitchen,General,1,,Plastic Food Bag Clips,Lots of clips for clipping food bags and putting them in cupboards and the fridge,Plastic Food Bag Clips - Lots of clips for clipping food bags and putting them in cupboards and the fridge,
idea-0185,Kitchen,General,1,,Plastic instead of wood chopping board and spoons,Cooking with wooden items can be bad as the bacteria can easily get trapped in absorbed into the wood.,Plastic instead of wood chopping board and spoons - Cooking with wooden items can be bad as the bacteria can easily get trapped in absorbed into the wood.,
idea-0186,Kitchen,General,1,,Proper Hot Tap,Proper hot tap in the kitchen as it’s easier to dry dishes when the water evaporates after you’ve dried them. (But might have bacteria in it),Proper Hot Tap - Proper hot tap in the kitchen as it’s easier to dry dishes when the water evaporates after you’ve dried them. (But might have bacteria in it),
idea-0187,Kitchen,General,1,,Space Under Sink for Legs,Sometimes you’ll need to sit/stand at the sink for a while washing up or cutting vegetables and it would be nice if you could sit down and tuck your legs under the sink so you can actually get closer to the sink when using it.,Space Under Sink for Legs - Sometimes you’ll need to sit/stand at the sink for a while washing up or cutting vegetables and it would be nice if you could sit down and tuck your legs under the sink so you can actually get closer to the sink when using it.,
idea-0188,Kitchen,General,1,,Swivel trays for Corner Cupboards,makes it easier to get to things into cupboards,Swivel trays for Corner Cupboards - makes it easier to get to things into cupboards,
idea-0189,Kitchen,General,1,,Tall Taps,"Tall high taps above sink to help fit pots and pans in the sink, or bendable taps","Tall Taps - Tall high taps above sink to help fit pots and pans in the sink, or bendable taps",
idea-0190,Kitchen,General,1,,Two dish washes,One for dirty dishes and one you take clean dishes out. Then you never have to do any washing you just load and unload dishes as you need to.,Two dish washes - One for dirty dishes and one you take clean dishes out. Then you never have to do any washing you just load and unload dishes as you need to.,
idea-0191,Kitchen,General,1,,Two Microwaves,"Always having to wait to hit up food take it in turns, and by the time the second persons is done the first ones has got cold.","Two Microwaves - Always having to wait to hit up food take it in turns, and by the time the second persons is done the first ones has got cold.",
idea-0192,Kitchen,General,1,,Under Cupboards kitchen Lights to light up kitchen surfaces,Even with main lights the cupboard often cast shadow on the back of the kitchen surfaces so we should have lights at the back to light that up,Under Cupboards kitchen Lights to light up kitchen surfaces - Even with main lights the cupboard often cast shadow on the back of the kitchen surfaces so we should have lights at the back to light that up,
idea-0193,Dinning Room,Location & Environment,1,,Overlapping Curtains,Curtain rails that overlap so there’s no light that seep through,Overlapping Curtains - Curtain rails that overlap so there’s no light that seep through,
idea-0194,Dinning Room,Aesthetic & Design,1,,Non White Table Surface,A white table surface will show Staines and dirt a lot easier,Non White Table Surface - A white table surface will show Staines and dirt a lot easier,
idea-0195,Dinning Room,General,1,,Blackout Curtains,For watching movies,Blackout Curtains - For watching movies,
idea-0196,Dinning Room,General,1,,Machine Washable Rugs,There’s no doubt that people will drop food and drinks on the rug. Machine washable means we can keep them clean when guest come around.,Machine Washable Rugs - There’s no doubt that people will drop food and drinks on the rug. Machine washable means we can keep them clean when guest come around.,
idea-0197,Bedroom,Location & Environment,1,,Foldable Wall Parting for Loft Bedroom,"In the main bedroom over the loft layout, it’s open to big windows, so their needs to be a rollable wall parting to close off that space for when we want privacy in the bed. But at the same time we don’t want a random floating bar obstructing our view unless it was really high up. So maybe just a really high curtain, where the rail didn’t obstruct our view.","Foldable Wall Parting for Loft Bedroom - In the main bedroom over the loft layout, it’s open to big windows, so their needs to be a rollable wall parting to close off that space for when we want privacy in the bed. But at the same time we don’t want a random floating bar obstructing our view unless it was really high up. So maybe just a really high curtain, where the rail didn’t obstruct our view.",
idea-0198,Bedroom,Location & Environment,1,,Hidden Bins,bins are unsightly and unhygienic near the bed so they should be in the bedroom but hidden away in a cupboard and far away from the bed and also have a easy way to take out that doesn’t involve walking through the whole house with the trash.,Hidden Bins - bins are unsightly and unhygienic near the bed so they should be in the bedroom but hidden away in a cupboard and far away from the bed and also have a easy way to take out that doesn’t involve walking through the whole house with the trash.,
idea-0199,Bedroom,Location & Environment,1,,Overlapping Curtains,Curtain rails that overlap so there’s no light that seep through,Overlapping Curtains - Curtain rails that overlap so there’s no light that seep through,
idea-0200,Bedroom,Layout & Flow,1,,Bedrooms Not Close to Loud Rooms,Ideal room layout. Make sure bedrooms are far from entertaining spaces.,Bedrooms Not Close to Loud Rooms - Ideal room layout. Make sure bedrooms are far from entertaining spaces.,
idea-0201,Bedroom,Layout & Flow,1,,Charging Stations Next To Bed,Charging port station with at least 10 cable to charge nightlights and power banks,Charging Stations Next To Bed - Charging port station with at least 10 cable to charge nightlights and power banks,
idea-0202,Bedroom,Layout & Flow,1,,Laundry room in noise cancelled bedroom closet,What’s the point in taking your laundry all the way downstairs if you’re just going to have to take them back up to your bedroom when done. Just do your laundry next to your bedroom in your walk in closet.,Laundry room in noise cancelled bedroom closet - What’s the point in taking your laundry all the way downstairs if you’re just going to have to take them back up to your bedroom when done. Just do your laundry next to your bedroom in your walk in closet.,
idea-0203,Bedroom,Layout & Flow,1,,Mattress with arm hole,Mattress with an arm hole so you can cuddle up next to your significant other without getting a dead arm when they lay on top of it,Mattress with arm hole - Mattress with an arm hole so you can cuddle up next to your significant other without getting a dead arm when they lay on top of it,
idea-0204,Bedroom,Safety & Security,1,,Bed Room Door Locks,Stop people come in during private activities.,Bed Room Door Locks - Stop people come in during private activities.,
idea-0205,Bedroom,Utilities & Infrastructure,1,,Complete Silence at Night,"No noise from air conditioning system, or any hvac system or anything. No nose form outside, trains, planes, cars or any other loud nosiness outside. No white noise. Just complete silence at night.","Complete Silence at Night - No noise from air conditioning system, or any hvac system or anything. No nose form outside, trains, planes, cars or any other loud nosiness outside. No white noise. Just complete silence at night.",
idea-0206,Bedroom,Utilities & Infrastructure,1,,Silent Air Conditioning,There’s nothing more annoying than a loud air conditioner when you’re trying to sleep. My must stressful moment on holiday where when it was too hot to turn off the air conditioner but also way too loud while I try to fall asleep.,Silent Air Conditioning - There’s nothing more annoying than a loud air conditioner when you’re trying to sleep. My must stressful moment on holiday where when it was too hot to turn off the air conditioner but also way too loud while I try to fall asleep.,
idea-0207,Bedroom,Comfort & Lifestyle,1,,Quiet Doors,"Doors that don’t make a loud click or thud when shut, in order to not wake up other people when going to the toilet at night.","Quiet Doors - Doors that don’t make a loud click or thud when shut, in order to not wake up other people when going to the toilet at night.",
idea-0208,Bedroom,Specialty & Novelty,1,,Electric Train Set Around the Ceiling,Small Electric Train Set around the top outside of the of the top of the room,Electric Train Set Around the Ceiling - Small Electric Train Set around the top outside of the of the top of the room,
idea-0209,Bedroom,General,1,,Alaskan King Bed,This is a great bed size for the whole family,Alaskan King Bed - This is a great bed size for the whole family,
idea-0210,Bedroom,General,1,,Blackout Curtains,For watching movies in the bedroom,Blackout Curtains - For watching movies in the bedroom,
idea-0211,Bedroom,General,1,,Charging Drawer,To hide the cables for charging devices could put some in a drawer and also have a wireless hidden pad in the beside table.,Charging Drawer - To hide the cables for charging devices could put some in a drawer and also have a wireless hidden pad in the beside table.,
idea-0212,Bedroom,General,1,,Dual Big Floor to Ceiling Mirrors,Two big mirrors for two people so you can easily see the outfit you’re coming out for the day.,Dual Big Floor to Ceiling Mirrors - Two big mirrors for two people so you can easily see the outfit you’re coming out for the day.,
idea-0213,Bedroom,General,1,,Easily Accessible Extra Duvet - Never know when your heating will brake or you just want to be extra cosy. Always nice to have a spare big duvet in an easily accessible cupboard.,,Easily Accessible Extra Duvet - Never know when your heating will brake or you just want to be extra cosy. Always nice to have a spare big duvet in an easily accessible cupboard.,
idea-0214,Bedroom,General,1,,Extra Soft Silk Duvet and Pillow Cases,Good for acne and extra soft and won’t graze your skin when moving around in bed.,Extra Soft Silk Duvet and Pillow Cases - Good for acne and extra soft and won’t graze your skin when moving around in bed.,
idea-0215,Bedroom,General,1,,Fire Extinguisher and Blanket,Fire extinguisher and Blanket for if hair dryer or hair straightener catches fire,Fire Extinguisher and Blanket - Fire extinguisher and Blanket for if hair dryer or hair straightener catches fire,
idea-0216,Bedroom,General,1,,Heated Blankets,in winter,Heated Blankets - in winter,
idea-0217,Bedroom,General,1,,Heated Mattresses,for those cosy nights of tough weeks where you want warm bed to get into at the end of the day,Heated Mattresses - for those cosy nights of tough weeks where you want warm bed to get into at the end of the day,
idea-0218,Bedroom,General,1,,Hidden Charging Dock for Tooth Brush,The charging socket in the bathroom should be inside a cupboard so you can hide away the electric tooth brush in the cupboard.,Hidden Charging Dock for Tooth Brush - The charging socket in the bathroom should be inside a cupboard so you can hide away the electric tooth brush in the cupboard.,
idea-0219,Bedroom,General,1,,Hidden heated clothes racks,"it’s so nice having hot warm clothes in the morning, but you don’t always want them to be seen, so having a heated cupboard and way to hang up clothes that you can take out freshly warm in the morning would be really nice.","Hidden heated clothes racks - it’s so nice having hot warm clothes in the morning, but you don’t always want them to be seen, so having a heated cupboard and way to hang up clothes that you can take out freshly warm in the morning would be really nice.",
idea-0220,Bedroom,General,1,,Hidden to at the end of the bed,So you can watch stuff in bed and then sleep,Hidden to at the end of the bed - So you can watch stuff in bed and then sleep,
idea-0221,Bedroom,General,1,,Hidden Water Fountains,Built into cupboard purified water fountains in bedroom to ensure everyone stays hydrated.,Hidden Water Fountains - Built into cupboard purified water fountains in bedroom to ensure everyone stays hydrated.,
idea-0222,Bedroom,General,1,,Large concealed hidden bin,You’ll be surprised at how many times you need the bin in the bedroom but it shouldn’t be visible and should be quite big so you don’t habe to keep changing it.,Large concealed hidden bin - You’ll be surprised at how many times you need the bin in the bedroom but it shouldn’t be visible and should be quite big so you don’t habe to keep changing it.,
idea-0223,Bedroom,General,1,,Laundry Shoot,To stop people creating a pile of dirty clothes of having a laundry bag of dirty clothes we could have a laundry shoot to remove all the clothes from the room Entirely.,Laundry Shoot - To stop people creating a pile of dirty clothes of having a laundry bag of dirty clothes we could have a laundry shoot to remove all the clothes from the room Entirely.,
idea-0224,Bedroom,General,1,,Light Switch for Outdoor Lights,sometimes you hear a sound at night and want to check outside so you could have a switch to turn on all the lights outside your window and the floodlights in your garden. All from the comfort of your bedroom.,Light Switch for Outdoor Lights - sometimes you hear a sound at night and want to check outside so you could have a switch to turn on all the lights outside your window and the floodlights in your garden. All from the comfort of your bedroom.,
idea-0225,Bedroom,General,1,,Lots of sockets on either side of each bed,it’s always annoying when there’s not enough sockets to charge your device at night. Could also hide the wires inside a drawer,Lots of sockets on either side of each bed - it’s always annoying when there’s not enough sockets to charge your device at night. Could also hide the wires inside a drawer,
idea-0226,Bedroom,General,1,,Mattress,,Mattress,
idea-0227,Bedroom,General,2,Mattress,Extra Large Bed,A long California King size mattress bed mattress so my feet and tall people feet don’t hang off the end,Extra Large Bed - A long California King size mattress bed mattress so my feet and tall people feet don’t hang off the end,
idea-0228,Bedroom,General,2,Mattress,Super High Quality Mattress,A really good high end mattress because you spend so much time in bed,Super High Quality Mattress - A really good high end mattress because you spend so much time in bed,
idea-0229,Bedroom,General,2,Mattress,Tight Bed Sheets,Tight bed sheets that fit and aren’t loose enough to bunch up under you.,Tight Bed Sheets - Tight bed sheets that fit and aren’t loose enough to bunch up under you.,
idea-0230,Bedroom,General,1,,Mini Fridge,in master bathroom for cold water,Mini Fridge - in master bathroom for cold water,
idea-0231,Bedroom,General,1,,Motion Activated Closet Lights,To save you accidentally forgetting to turn off your closet like get in wired powered motion activated closet lights.,Motion Activated Closet Lights - To save you accidentally forgetting to turn off your closet like get in wired powered motion activated closet lights.,
idea-0232,Bedroom,General,1,,Not Too Low Table Tops,Table tops in kitchen and in bathroom not to low down that I have to bend my back to use them for hours. (But not to high that shorter people can’t use them),Not Too Low Table Tops - Table tops in kitchen and in bathroom not to low down that I have to bend my back to use them for hours. (But not to high that shorter people can’t use them),
idea-0233,Bedroom,General,1,,Panic Button,When there’s an emergency or your not feeling well the panic button will wake everyone up and turn on all the lights.,Panic Button - When there’s an emergency or your not feeling well the panic button will wake everyone up and turn on all the lights.,
idea-0234,Bedroom,General,1,,Playpen Guard around adult Bed,Playpen guards around adult bed so we can sleep with our toddlers without them escaping,Playpen Guard around adult Bed - Playpen guards around adult bed so we can sleep with our toddlers without them escaping,
idea-0235,Bedroom,General,1,,Pull down blind Insect Nets on Windows,"Windows that you can magnetically attach insect tight mosquito nets too, so you can open the window wide if your hot and not have to worry about insects coming in.","Pull down blind Insect Nets on Windows - Windows that you can magnetically attach insect tight mosquito nets too, so you can open the window wide if your hot and not have to worry about insects coming in.",
idea-0236,Bedroom,General,1,,Secret Door Entrance Looks Like Wardrobe,Just like in Narnia the actually walk in wardrobe could be hind a normal looking wardrobe.,Secret Door Entrance Looks Like Wardrobe - Just like in Narnia the actually walk in wardrobe could be hind a normal looking wardrobe.,
idea-0237,Bedroom,General,1,,Separate Cloth Bins for White and Coloured,Separated white and colour clothing bins for washing clothes. So that everyone separated their clothes to make it easier to wash.,Separate Cloth Bins for White and Coloured - Separated white and colour clothing bins for washing clothes. So that everyone separated their clothes to make it easier to wash.,
idea-0238,Bedroom,General,1,,Smart Mirrors with Integrated Displays,"– Bathroom or bedroom mirrors that display weather updates, calendar events, or fitness stats while you get ready.","Smart Mirrors with Integrated Displays - – Bathroom or bedroom mirrors that display weather updates, calendar events, or fitness stats while you get ready.",
idea-0239,Bedroom,General,1,,Sound proof bedrooms,For when people are doing personal things.,Sound proof bedrooms - For when people are doing personal things.,
idea-0240,Bedroom,General,1,,Summer and Winter Duvet,Duvet covered that can clip to together when you want to double them up for the winter,Summer and Winter Duvet - Duvet covered that can clip to together when you want to double them up for the winter,
idea-0241,Bedroom,General,1,,Summer and Winter Thickness Duvets,"Thick duvets for the winter but totally different thinner ones for the summer and even thinner blankets. But the blanket, must be big blankets. Non of those small blanket that don’t cover your feet.","Summer and Winter Thickness Duvets - Thick duvets for the winter but totally different thinner ones for the summer and even thinner blankets. But the blanket, must be big blankets. Non of those small blanket that don’t cover your feet.",
idea-0242,Bedroom,General,1,,Super Comfortable Chair in Front of table,Comfy chair for relaxing in and a table for watching stuff,Super Comfortable Chair in Front of table - Comfy chair for relaxing in and a table for watching stuff,
idea-0243,Bedroom,General,1,,Super Soft Duvet Cover,Non stiff or rough duvet cover,Super Soft Duvet Cover - Non stiff or rough duvet cover,
idea-0244,Bedroom,General,1,,True Mirror,"Each bedroom has a true mirror, two mirrors at 90° without a seam between them. Shows how people really see you.","True Mirror - Each bedroom has a true mirror, two mirrors at 90° without a seam between them. Shows how people really see you.",
idea-0245,Bedroom,General,1,,TV slides behind because or wall,Instead of a big black tv or a picture frame tv being centre of attention we move it behind a an easy to slide bookcase or wall.,TV slides behind because or wall - Instead of a big black tv or a picture frame tv being centre of attention we move it behind a an easy to slide bookcase or wall.,
idea-0246,Bedroom,General,1,,Two Sinks in Master Bedroom En-suite,Two sinks for when you and your partner are trying to get ready at the same time.,Two Sinks in Master Bedroom En-suite - Two sinks for when you and your partner are trying to get ready at the same time.,
idea-0247,Bedroom,General,1,,Two Warm and Cold taps in en-suite bathroom,for when you went to wash your hands together,Two Warm and Cold taps in en-suite bathroom - for when you went to wash your hands together,
idea-0248,Bedroom,General,1,,Window Directly Above Bed to Watch Stars,A big window above the bed to gaze at the stars at night when you can’t sleep. Remind you of your place in this world.,Window Directly Above Bed to Watch Stars - A big window above the bed to gaze at the stars at night when you can’t sleep. Remind you of your place in this world.,
idea-0249,Bedroom,General,1,,Zippable pillow cases and duvet covers,Button duvet covers always come undone. And pillow cases without zip always let the pillow slip out. So instead get pillow cases and duvet covers with zips on. But good quality zips that won’t break easily.,Zippable pillow cases and duvet covers - Button duvet covers always come undone. And pillow cases without zip always let the pillow slip out. So instead get pillow cases and duvet covers with zips on. But good quality zips that won’t break easily.,
idea-0250,Living Room,Location & Environment,1,,2nd Bathroom near living room,For when there’s a big party or lots of people over for Christmas and multiple people want to use the toilet at once.,2nd Bathroom near living room - For when there’s a big party or lots of people over for Christmas and multiple people want to use the toilet at once.,
idea-0251,Living Room,Location & Environment,1,,Overlapping Curtains,Curtain rails that overlap so there’s no light that seep through,Overlapping Curtains - Curtain rails that overlap so there’s no light that seep through,
idea-0252,Living Room,General,1,,Big Cupboard for Board Games,Big cupboard to store all the many boardgames we have,Big Cupboard for Board Games - Big cupboard to store all the many boardgames we have,
idea-0253,Living Room,General,1,,Blackout Curtains,For watching movies,Blackout Curtains - For watching movies,
idea-0254,Living Room,General,1,,Built In Surround Sound System,,Built In Surround Sound System,
idea-0255,Living Room,General,1,,Lazy Boy Chair,Find the most comfortable chair,Lazy Boy Chair - Find the most comfortable chair,
idea-0256,Living Room,General,1,,No Gaps between Sofa Cushions,Sofas that don’t have gaps between the cushions for things to fall down,No Gaps between Sofa Cushions - Sofas that don’t have gaps between the cushions for things to fall down,
idea-0257,Living Room,General,1,,Ping Pong Table Door,,Ping Pong Table Door,
idea-0258,Living Room,General,1,,Slide out Christmas tree from storage cupboard in living room,Instead of spending ages building and setting up Christmas tree you could instead have it slide out from a purpose built tall cupboard.,Slide out Christmas tree from storage cupboard in living room - Instead of spending ages building and setting up Christmas tree you could instead have it slide out from a purpose built tall cupboard.,
idea-0259,Living Room,General,1,,Spare Beds that can be Hidden Away,Spare Beds for guests and for when you want to have big sleep overs in the living room,Spare Beds that can be Hidden Away - Spare Beds for guests and for when you want to have big sleep overs in the living room,
idea-0260,Living Room,General,1,,Table on Each Side of Sofa,There should be at least two extra tables on either side of the sofa so you don’t have to put stuff on the sofa when you want to put food on the main table,Table on Each Side of Sofa - There should be at least two extra tables on either side of the sofa so you don’t have to put stuff on the sofa when you want to put food on the main table,
idea-0261,Living Room,General,1,,TV above toddler height,To stop toddlers and young children from breaking the tv,TV above toddler height - To stop toddlers and young children from breaking the tv,
idea-0262,Living Room,General,1,,TV slides behind because or wall,Instead of a big black tv or a picture frame tv being centre of attention we move it behind a an easy to slide bookcase or wall.,TV slides behind because or wall - Instead of a big black tv or a picture frame tv being centre of attention we move it behind a an easy to slide bookcase or wall.,
idea-0263,Living Room,General,1,,Water Repellent Sofa Material,Water repellent sofa material so it can’t be ruined by one split drink,Water Repellent Sofa Material - Water repellent sofa material so it can’t be ruined by one split drink,
idea-0264,Garden,Location & Environment,1,,High above sea level,In the case of flooding we don’t want to be in a flood area,High above sea level - In the case of flooding we don’t want to be in a flood area,
idea-0265,Garden,Safety & Security,1,,Security cameras,"Modern looking, good enough quality to see faces and number plates","Security cameras - Modern looking, good enough quality to see faces and number plates",
idea-0266,Garden,Lighting & Ambience,1,,Coloured Flood Lights,For parties,Coloured Flood Lights - For parties,
idea-0267,Garden,Lighting & Ambience,1,,Flood Lights,Powerful outdoor flood lights to light up garden in the night,Flood Lights - Powerful outdoor flood lights to light up garden in the night,
idea-0268,Garden,Outdoor & Garden,1,,Zip line from house to bottom of garden,garden zip line from top to bottom of the garden. Even better if the zip line can go round corners.,Zip line from house to bottom of garden - garden zip line from top to bottom of the garden. Even better if the zip line can go round corners.,
idea-0269,Garden,Specialty & Novelty,1,,Time Capsule,in the garden or in the walls somewhere,Time Capsule - in the garden or in the walls somewhere,
idea-0270,Garden,General,1,,A good view,View over a forest or city,A good view - View over a forest or city,
idea-0271,Garden,General,1,,Area for Big Tables,Large flat level garden area for putting lots of long tables for garden parties,Area for Big Tables - Large flat level garden area for putting lots of long tables for garden parties,
idea-0272,Garden,General,1,,BBQ Area,Stone floor or pit to stop things catching on fire,BBQ Area - Stone floor or pit to stop things catching on fire,
idea-0273,Garden,General,1,,Chestnut conker tree,so I can play Conkers with my wife and kids evey time he conkers fall,Chestnut conker tree - so I can play Conkers with my wife and kids evey time he conkers fall,
idea-0274,Garden,General,1,,Clover Lawn,Nice alternative to grass,Clover Lawn - Nice alternative to grass,
idea-0275,Garden,General,1,,Hidden Outdoor Storage,– Discreet outdoor sheds or hidden compartments for garden tools and furniture to keep the garden tidy.,Hidden Outdoor Storage - – Discreet outdoor sheds or hidden compartments for garden tools and furniture to keep the garden tidy.,
idea-0276,Garden,General,1,,Horse Stable,Places to keep the horses,Horse Stable - Places to keep the horses,
idea-0277,Garden,General,1,,Indoor Horse Riding Arena,when it’s cold and raining in the winter having a indoor horse riding arena would be nice,Indoor Horse Riding Arena - when it’s cold and raining in the winter having a indoor horse riding arena would be nice,
idea-0278,Garden,General,1,,Large Stage Area,"Large raised outdoor stage, with room to hang stage lights above","Large Stage Area - Large raised outdoor stage, with room to hang stage lights above",
idea-0279,Garden,General,1,,Maze,Garden maze for the kids,Maze - Garden maze for the kids,
idea-0280,Garden,General,1,,Nice Luxury Guest House,to show off,Nice Luxury Guest House - to show off,
idea-0281,Garden,General,1,,Outdoor Kitchen with Optional Cover,"A covered outdoor cooking area with a built-in grill, countertop, and mini fridge for garden parties.","Outdoor Kitchen with Optional Cover - A covered outdoor cooking area with a built-in grill, countertop, and mini fridge for garden parties.",
idea-0282,Garden,General,1,,Outdoor Pool,(More dangerous then a gun),Outdoor Pool - (More dangerous then a gun),
idea-0283,Garden,General,1,,Pagoda,When it’s raining you can still enjoy sitting outside,Pagoda - When it’s raining you can still enjoy sitting outside,
idea-0284,Garden,General,1,,Rainwater Collection System,"– Collect and filter rainwater for use in toilets, gardens, and cleaning to reduce water bills.","Rainwater Collection System - – Collect and filter rainwater for use in toilets, gardens, and cleaning to reduce water bills.",
idea-0285,Garden,General,1,,Robot Lawn Mower,Mowing a big lawn takes a long time and hurts your back or skin if you’re outside for a long time. An automatic lawn mower would save a lot of time and effort,Robot Lawn Mower - Mowing a big lawn takes a long time and hurts your back or skin if you’re outside for a long time. An automatic lawn mower would save a lot of time and effort,
idea-0286,Garden,General,1,,Rocky Water Fountain and Stepping stones over pound and mini bridge,Like grandpa’s garden there should be a small bridge and waterfall over rocky stepping stones.,Rocky Water Fountain and Stepping stones over pound and mini bridge - Like grandpa’s garden there should be a small bridge and waterfall over rocky stepping stones.,
idea-0287,Garden,General,1,,Slides into the Pool,Strong so that they don’t fly away or break when using them. Easy to clean slides too.,Slides into the Pool - Strong so that they don’t fly away or break when using them. Easy to clean slides too.,
idea-0288,Garden,General,1,,"Sunken dry seating area in middle of the pool, with fire pit",Make it easy to clean,"Sunken dry seating area in middle of the pool, with fire pit - Make it easy to clean",
idea-0289,Garden,General,1,,Tardis,The Tardis would be good if you can put it under a cover so the elements don’t destroy it too much.,Tardis - The Tardis would be good if you can put it under a cover so the elements don’t destroy it too much.,
idea-0290,Garden,General,1,,Tennis Court,Good looking fence around the outside. Not one of those ugly wire ones.,Tennis Court - Good looking fence around the outside. Not one of those ugly wire ones.,
idea-0291,Garden,General,1,,Trampoline,With safety nets.,Trampoline - With safety nets.,
idea-0292,Garden,General,1,,Wrap Around Covered Porch,for summer those days you want to sit out without getting totally sunburned. Or those days it’s raining but want to peak outside without getting wet.,Wrap Around Covered Porch - for summer those days you want to sit out without getting totally sunburned. Or those days it’s raining but want to peak outside without getting wet.,
idea-0293,Bathrooms,Location & Environment,1,,Portable TV,"A tv near the bath and toilet so while you have a bath or a long number two you can watch YouTube, tv or a film.","Portable TV - A tv near the bath and toilet so while you have a bath or a long number two you can watch YouTube, tv or a film.",
idea-0294,Bathrooms,Utilities & Infrastructure,1,,Water Filters,In bedroom bathrooms water filters should be installed so everyone has clear skin when washing their face.,Water Filters - In bedroom bathrooms water filters should be installed so everyone has clear skin when washing their face.,
idea-0295,Bathrooms,General,1,,A Good Big Shower,"enough room for two people to use at the same time, and enough water spray area for two people to be in the shower at the same time","A Good Big Shower - enough room for two people to use at the same time, and enough water spray area for two people to be in the shower at the same time",
idea-0296,Bathrooms,General,1,,Anti-Scald Bathroom Taps,"Thermostatic taps that prevent water from exceeding a safe temperature, protecting children from burns.","Anti-Scald Bathroom Taps - Thermostatic taps that prevent water from exceeding a safe temperature, protecting children from burns.",
idea-0297,Bathrooms,General,1,,Automatic Toilet Seat Lower,lots of germs spread as you flush so a toilet seat that automatically shuts before it flushes. When you press the flush button it should also trigger the seat to come down before flushing.,Automatic Toilet Seat Lower - lots of germs spread as you flush so a toilet seat that automatically shuts before it flushes. When you press the flush button it should also trigger the seat to come down before flushing.,
idea-0298,Bathrooms,General,1,,Bathroom heater / radiator,it’s always not fun when you come out the shower and it’s freezing cold. It be nice to have a warm environment when coming out the shower before putting your clothes on.,Bathroom heater / radiator - it’s always not fun when you come out the shower and it’s freezing cold. It be nice to have a warm environment when coming out the shower before putting your clothes on.,
idea-0299,Bathrooms,General,1,,Bathrooms don’t face Large Rooms,Bathrooms shouldn't face common entertainment spaces like dining rooms or living rooms.,Bathrooms don’t face Large Rooms - Bathrooms shouldn't face common entertainment spaces like dining rooms or living rooms.,
idea-0300,Bathrooms,General,1,,Big Hidden Toilet Roll Storage,Large hidden toilet roll area so you never run out of toilet roll. There should be a good looking hidden storage for toilet rolls that someone can reach from the toilet seat if necessary. And it should be able to hold at least 4 or more toilet rolls.,Big Hidden Toilet Roll Storage - Large hidden toilet roll area so you never run out of toilet roll. There should be a good looking hidden storage for toilet rolls that someone can reach from the toilet seat if necessary. And it should be able to hold at least 4 or more toilet rolls.,
idea-0301,Bathrooms,General,1,,Big tall wide bathroom mirrors with lights around mirror,When you want to see yourself after you changed,Big tall wide bathroom mirrors with lights around mirror - When you want to see yourself after you changed,
idea-0302,Bathrooms,General,1,,Double Electric Tooth Brush Charger,always really annoying when you have to take turns charging your tooth brush so a double one lets you charge each of your toothbrushes at same time.,Double Electric Tooth Brush Charger - always really annoying when you have to take turns charging your tooth brush so a double one lets you charge each of your toothbrushes at same time.,
idea-0303,Bathrooms,General,1,,Easy Temperature Shower,A shower that you can set to a specific temperature easily every time,Easy Temperature Shower - A shower that you can set to a specific temperature easily every time,
idea-0304,Bathrooms,General,1,,Foamy Hand soap,To give that luxury feel all the sinks should be paired with luxury foamy hand soap instead of the standard kind.,Foamy Hand soap - To give that luxury feel all the sinks should be paired with luxury foamy hand soap instead of the standard kind.,
idea-0305,Bathrooms,General,1,,Foot Peddle to Open Toilet Seat,When you want to open the toilet seat without having to touch the toilet seat use the foot peddle to open it.,Foot Peddle to Open Toilet Seat - When you want to open the toilet seat without having to touch the toilet seat use the foot peddle to open it.,
idea-0306,Bathrooms,General,1,,Glass around the Shower Not A Curtain,Curtains get moulding quickly and start flying up when using the mist setting on the shower.,Glass around the Shower Not A Curtain - Curtains get moulding quickly and start flying up when using the mist setting on the shower.,
idea-0307,Bathrooms,General,1,,Glass Shower Wall instead of Shower Curtains,"Shower curtains get in the way at fly up when the shower is on the missed setting, so glass is better and looks cleaner.","Glass Shower Wall instead of Shower Curtains - Shower curtains get in the way at fly up when the shower is on the missed setting, so glass is better and looks cleaner.",
idea-0308,Bathrooms,General,1,,Heated Mirrors that don’t mist up,Heated mirrors that don’t heat up when you have a hot shower.,Heated Mirrors that don’t mist up - Heated mirrors that don’t heat up when you have a hot shower.,
idea-0309,Bathrooms,General,1,,Heated Toilet Seat,Comfort,Heated Toilet Seat - Comfort,
idea-0310,Bathrooms,General,1,,Hidden Charging Dock for Tooth Brush,The charging socket in the bathroom should be inside a cupboard so you can hide away the electric tooth brush in the cupboard.,Hidden Charging Dock for Tooth Brush - The charging socket in the bathroom should be inside a cupboard so you can hide away the electric tooth brush in the cupboard.,
idea-0311,Bathrooms,General,1,,Japanese Smart Toilets,Easy to clean your back side.,Japanese Smart Toilets - Easy to clean your back side.,
idea-0312,Bathrooms,General,1,,LED Faucet,(no batteries needed),LED Faucet - (no batteries needed),
idea-0313,Bathrooms,General,1,,Led Showers,Atmospheric lighting in the shower,Led Showers - Atmospheric lighting in the shower,
idea-0314,Bathrooms,General,1,,Lots of Different Colour Towels,Make it easier to remember whose towel is whose and which towel is for your hair and body,Lots of Different Colour Towels - Make it easier to remember whose towel is whose and which towel is for your hair and body,
idea-0315,Bathrooms,General,1,,Lots Space for Towels,Enough room for people to have more than one towel. A towel for your hair and the rest of your body.,Lots Space for Towels - Enough room for people to have more than one towel. A towel for your hair and the rest of your body.,
idea-0316,Bathrooms,General,1,,Motion Sensor Taps with Manuel Setting As Well,Motion sensor taps for toilet and a manual settings as well to leave it on to fill something up,Motion Sensor Taps with Manuel Setting As Well - Motion sensor taps for toilet and a manual settings as well to leave it on to fill something up,
idea-0317,Bathrooms,General,1,,Not Too Low Table Tops,Table tops in kitchen and in bathroom not to low down that I have to bend my back to use them for hours. (But not to high that shorter people can’t use them),Not Too Low Table Tops - Table tops in kitchen and in bathroom not to low down that I have to bend my back to use them for hours. (But not to high that shorter people can’t use them),
idea-0318,Bathrooms,General,1,,Self-Cleaning Toilets with UV Sterilization,Advanced toilets that use UV light and automatic cleaning mechanisms to maintain hygiene effortlessly.,Self-Cleaning Toilets with UV Sterilization - Advanced toilets that use UV light and automatic cleaning mechanisms to maintain hygiene effortlessly.,
idea-0319,Bathrooms,General,1,,Separate rooms for toilets and washing sink,the toilet should be in a separate room from where you brush your teeth because poo particles go into the air when you flush the toilet.,Separate rooms for toilets and washing sink - the toilet should be in a separate room from where you brush your teeth because poo particles go into the air when you flush the toilet.,
idea-0320,Bathrooms,General,1,,Shelf to put your clothes on,empty shelf to put your clean clothes on so you don’t have to get cold running out the room to get your clothes on.,Shelf to put your clothes on - empty shelf to put your clean clothes on so you don’t have to get cold running out the room to get your clothes on.,
idea-0321,Bathrooms,General,1,,Shower controls on opposite side of shower head,It’s so annoying when you want to keep your hair dry but still have to duck under the shower or reach through the shower to adjust the shower. Why are the controls for the shower somewhere where you don’t have to go through the shower to access them?,Shower controls on opposite side of shower head - It’s so annoying when you want to keep your hair dry but still have to duck under the shower or reach through the shower to adjust the shower. Why are the controls for the shower somewhere where you don’t have to go through the shower to access them?,
idea-0322,Bathrooms,General,1,,Shower with Mist Setting,For washing more sensitive areas,Shower with Mist Setting - For washing more sensitive areas,
idea-0323,Bathrooms,General,1,,Single door for both the toilet and the sink area with foot handle to open door without touching it,the way this works is the toilet and the sink area are in separate rooms and one doorway is 90 degrees to the other doorway but the single door between them. This allows someone to still use the sink while someone is in the toilet. And they can push the door with their foot in order to not touch the door with their dirty hands.,Single door for both the toilet and the sink area with foot handle to open door without touching it - the way this works is the toilet and the sink area are in separate rooms and one doorway is 90 degrees to the other doorway but the single door between them. This allows someone to still use the sink while someone is in the toilet. And they can push the door with their foot in order to not touch the door with their dirty hands.,
idea-0324,Bathrooms,General,1,,Sink where the water doesn’t pool at the back under the tap,sink will go mouldy if the water pools on the top surface under the taps,Sink where the water doesn’t pool at the back under the tap - sink will go mouldy if the water pools on the top surface under the taps,
idea-0325,Bathrooms,General,1,,Smooth surface sink,so there’s no hidden edges or creases that are hard to clean.,Smooth surface sink - so there’s no hidden edges or creases that are hard to clean.,
idea-0326,Bathrooms,General,1,,Soap Motion Sensors,Better if it’s attached to the mains so you don’t have to keep replacing the batteries.,Soap Motion Sensors - Better if it’s attached to the mains so you don’t have to keep replacing the batteries.,
idea-0327,Bathrooms,General,1,,Soft Gentle Close Toilet Seats,There’s nothing more annoying waking up to the sound of someone dropping the toilet seat down.,Soft Gentle Close Toilet Seats - There’s nothing more annoying waking up to the sound of someone dropping the toilet seat down.,
idea-0328,Bathrooms,General,1,,Toilet Roll not too far away from toilet,If the toilet roll is too far away it makes it very awkward and annoying to reach slightly to far to get it.,Toilet Roll not too far away from toilet - If the toilet roll is too far away it makes it very awkward and annoying to reach slightly to far to get it.,
idea-0329,Bathrooms,General,1,,Two Auto Resetting 2 Minutes Wall Timer,"A timer on the wall that with one press starts a two minutes countdown, for brushing your teeth, and then when pressed again just resets to two minutes and is ready to go again straight away.","Two Auto Resetting 2 Minutes Wall Timer - A timer on the wall that with one press starts a two minutes countdown, for brushing your teeth, and then when pressed again just resets to two minutes and is ready to go again straight away.",
idea-0330,Bathrooms,General,1,,Way to heat up bathroom after shower,Always annoying when you step out the shower and it’s freezing cold.,Way to heat up bathroom after shower - Always annoying when you step out the shower and it’s freezing cold.,
idea-0331,Entrance,Location & Environment,1,,Dog Paw Cleaner Near Entrance,A hose attached to a brush to clean dogs paws and dirty legs,Dog Paw Cleaner Near Entrance - A hose attached to a brush to clean dogs paws and dirty legs,
idea-0332,Entrance,Layout & Flow,1,,Mirror by the door,To allow people to check how they look before going out there should be a mirror next to the front door.,Mirror by the door - To allow people to check how they look before going out there should be a mirror next to the front door.,
idea-0333,Entrance,Safety & Security,1,,UV Camera and Monitor and Suncream Station,check you’ve applied Suncream properly,UV Camera and Monitor and Suncream Station - check you’ve applied Suncream properly,
idea-0334,Entrance,Safety & Security,1,,Wired Smart Doorbell,Doorbell with a camera connected to the mains power because changing the batteries is very annoying.,Wired Smart Doorbell - Doorbell with a camera connected to the mains power because changing the batteries is very annoying.,
idea-0335,Entrance,General,1,,Easy Access Bike storage,Hidden away so no one can easily steal it. And away from the rain and easy to get out and leave with it in a rush.,Easy Access Bike storage - Hidden away so no one can easily steal it. And away from the rain and easy to get out and leave with it in a rush.,
idea-0336,Entrance,General,1,,Hidden Hose,- For washing muddy bikes and shoes,Hidden Hose - - For washing muddy bikes and shoes,
idea-0337,Entrance,General,1,,Indoor Dog Bath Area,If it’s really cold day it’s a lot nicer to give the dogs a bath in the inside than an outside hose.,Indoor Dog Bath Area - If it’s really cold day it’s a lot nicer to give the dogs a bath in the inside than an outside hose.,
idea-0338,Entrance,General,1,,Large Hidden Shoe Cupboard,Hidden tidy easy to use shoe cupboard,Large Hidden Shoe Cupboard - Hidden tidy easy to use shoe cupboard,
idea-0339,Entrance,General,1,,Place to Hide Bins,"A place to completely hide the outdoors bins from sight, but also isn’t too hard to access when taking the trash out.","Place to Hide Bins - A place to completely hide the outdoors bins from sight, but also isn’t too hard to access when taking the trash out.",
idea-0340,Entrance,General,1,,Powerful Compressed Air Jet Machine,Air blower machine to shoot air off shows and other items and to also blow your hair up to look good.,Powerful Compressed Air Jet Machine - Air blower machine to shoot air off shows and other items and to also blow your hair up to look good.,
idea-0341,Entrance,General,1,,Safe Place for Parcels,Safe place to store packages and parcels after they have been delivered,Safe Place for Parcels - Safe place to store packages and parcels after they have been delivered,
idea-0342,Office,General,1,,,,,
idea-0343,Office,General,1,,Desk Treadmill,If you don’t have enough time to exercise and work then you could try do it at the same time.,Desk Treadmill - If you don’t have enough time to exercise and work then you could try do it at the same time.,
idea-0344,Office,General,1,,Most ergonomic comfortable chair,You might spend a lot of time sitting in this chair so you better make sure it’s as good for your back and your overall health as possible.,Most ergonomic comfortable chair - You might spend a lot of time sitting in this chair so you better make sure it’s as good for your back and your overall health as possible.,
idea-0345,Office,General,1,,Soundproof Home Office,Ensure the home office is fully soundproofed to allow for uninterrupted video calls and focus during work hours.,Soundproof Home Office - Ensure the home office is fully soundproofed to allow for uninterrupted video calls and focus during work hours.,
idea-0346,Office,General,1,,Standing Adjustable Height Desk,It’s so easy when you’re older for your health to decline and your life span to shorten.,Standing Adjustable Height Desk - It’s so easy when you’re older for your health to decline and your life span to shorten.,
idea-0347,Utility Room,General,1,,At least Two Washing Machines,It’s always annoying when you have lots to wash and not a lot of time to wash it. So two washing machines would be nice.,At least Two Washing Machines - It’s always annoying when you have lots to wash and not a lot of time to wash it. So two washing machines would be nice.,
idea-0348,Utility Room,General,1,,Automated Laundry Folding Machine,"A device that folds clothes perfectly after washing and drying, saving time and effort.","Automated Laundry Folding Machine - A device that folds clothes perfectly after washing and drying, saving time and effort.",
idea-0349,Utility Room,General,1,,Hidden Drying Racks,Built in heated drying racks for clothes that can be hidden for when guest come around,Hidden Drying Racks - Built in heated drying racks for clothes that can be hidden for when guest come around,
idea-0350,Utility Room,General,1,,Sound Proof Laundry Room,"Laundry room should be sound proof and be out of site, and be able to stay warm in the winter to dry clothes","Sound Proof Laundry Room - Laundry room should be sound proof and be out of site, and be able to stay warm in the winter to dry clothes",
idea-0351,Study,General,1,,3D Printer,or fixing and adding convince to thing around the house,3D Printer - or fixing and adding convince to thing around the house,
idea-0352,Work Shop,Special Rooms,1,,Barber Hair Cutting Eoom,,Barber Hair Cutting Eoom,
idea-0353,Work Shop,Special Rooms,1,,Control Room,,Control Room,
idea-0354,Work Shop,Special Rooms,1,,Fully Minecraft Themed Room,,Fully Minecraft Themed Room,
idea-0355,Work Shop,Special Rooms,1,,Green Screen Room,,Green Screen Room,
idea-0356,Work Shop,Special Rooms,1,,Live Streaming Studio Room with Full Kitchen,,Live Streaming Studio Room with Full Kitchen,
idea-0357,Work Shop,Special Rooms,1,,Message Room with robot message machine as well,,Message Room with robot message machine as well,
idea-0358,Work Shop,Special Rooms,1,,Oval Office Replica,,Oval Office Replica,
idea-0359,Work Shop,Special Rooms,1,,Press Room,,Press Room,
idea-0360,Work Shop,Special Rooms,1,,Tardis Interior Replica,,Tardis Interior Replica,
idea-0361,Work Shop,Ultimate Living and Dining Room,1,,,,,
idea-0362,Work Shop,Ultimate Living and Dining Room,1,,146 micro led 8k screen,,146 micro led 8k screen,
idea-0363,Work Shop,Ultimate Living and Dining Room,1,,Black Out Curtains,,Black Out Curtains,
idea-0364,Work Shop,Ultimate Living and Dining Room,1,,Dolby Atmos Surround Sound System,,Dolby Atmos Surround Sound System,
idea-0365,Work Shop,Ultimate Living and Dining Room,1,,Full Size Adjustable Table in Front of Sofa,,Full Size Adjustable Table in Front of Sofa,
idea-0366,Work Shop,Ultimate Living and Dining Room,1,,Latest and greatest gaming PC,,Latest and greatest gaming PC,
idea-0367,Work Shop,Ultimate Living and Dining Room,1,,Ultra Comfy Sofa,,Ultra Comfy Sofa,
idea-0368,Work Shop,General,1,,3D printer,,3D printer,
idea-0369,Work Shop,General,1,,Laser Cuter,,Laser Cuter,
idea-0370,Work Shop,General,1,,Plasma Cutter,,Plasma Cutter,
idea-0371,Work Shop,General,1,,Vinyl Cutter,,Vinyl Cutter,
